date,dim,key,jobs,with_pay,median_pay,no_german
2026-10-09,category,admin,148,34,15.53,2
2026-10-09,category,consulting,52,5,17.0,3
2026-10-09,category,data,238,31,16.0,8
2026-10-09,category,design,41,6,16.0,0
2026-10-09,category,education,120,16,16.0,2
2026-10-09,category,engineering,792,99,17.41,16
2026-10-09,category,finance,269,23,17.0,5
2026-10-09,category,health,85,10,16.0,0
2026-10-09,category,hr,261,53,16.0,4
2026-10-09,category,it,433,55,16.0,19
2026-10-09,category,legal,40,6,16.0,1
2026-10-09,category,marketing,400,67,15.5,5
2026-10-09,category,ops,205,38,15.75,3
2026-10-09,category,other,209,37,15.67,6
2026-10-09,category,product,167,17,16.0,3
2026-10-09,category,research,52,10,16.5,1
2026-10-09,category,retail,443,32,15.0,0
2026-10-09,category,sales,265,38,15.5,6
2026-10-09,city,Berlin,255,53,16.0,4
2026-10-09,city,Bochum,42,4,14.55,0
2026-10-09,city,Bremen,57,20,16.5,4
2026-10-09,city,Dortmund,51,3,16.0,3
2026-10-09,city,Dresden,53,9,15.25,1
2026-10-09,city,Düsseldorf,121,34,15.0,0
2026-10-09,city,Essen,49,13,16.0,1
2026-10-09,city,Frankfurt am Main,90,13,15.0,7
2026-10-09,city,Hamburg,233,49,18.53,9
2026-10-09,city,Hannover,49,8,14.88,1
2026-10-09,city,Karlsruhe,48,13,17.33,1
2026-10-09,city,Kassel,39,16,18.14,0
2026-10-09,city,Köln,132,13,16.0,0
2026-10-09,city,Leipzig,43,5,15.0,0
2026-10-09,city,München,307,41,17.0,5
2026-10-09,city,Münster,40,3,15.5,0
2026-10-09,city,Nürnberg,40,10,15.72,0
2026-10-09,city,Sindelfingen,50,1,16.0,0
2026-10-09,city,Stuttgart,75,7,15.0,0
2026-10-09,city,Walldorf,27,0,,12
2026-10-09,german,implicit,2076,246,16.0,0
2026-10-09,german,none,41,7,18.53,41
2026-10-09,german,plus,43,6,18.53,43
2026-10-09,german,required,2060,318,16.0,0
2026-10-09,major,bwl,1271,189,16.0,31
2026-10-09,major,comm,193,31,15.5,0
2026-10-09,major,et,339,50,16.89,13
2026-10-09,major,inf,547,75,17.0,22
2026-10-09,major,math,280,39,16.5,8
2026-10-09,major,mb,406,75,18.0,9
2026-10-09,major,wiinf,514,63,16.0,10
2026-10-09,major,wiing,567,72,17.5,11
2026-10-09,skill,3d,31,3,18.14,0
2026-10-09,skill,abap,5,0,,0
2026-10-09,skill,accounting,77,7,16.0,2
2026-10-09,skill,adobe_cc,56,9,15.0,0
2026-10-09,skill,agile,57,2,16.5,3
2026-10-09,skill,airflow,2,0,,1
2026-10-09,skill,android,15,1,17.25,1
2026-10-09,skill,angular,15,2,16.16,4
2026-10-09,skill,ansible,1,0,,0
2026-10-09,skill,audit,19,0,,0
2026-10-09,skill,autocad,61,6,17.25,0
2026-10-09,skill,automotive,4,0,,1
2026-10-09,skill,aws,9,0,,0
2026-10-09,skill,azure,30,6,15.5,1
2026-10-09,skill,bash,11,0,,1
2026-10-09,skill,bim,93,2,16.5,0
2026-10-09,skill,cad,176,21,18.0,3
2026-10-09,skill,canva,108,20,15.0,2
2026-10-09,skill,catia,4,1,19.1,0
2026-10-09,skill,chem_analytics,5,0,,0
2026-10-09,skill,cicd,30,3,15.0,4
2026-10-09,skill,computer_vision,11,2,18.0,0
2026-10-09,skill,consulting,27,6,17.5,0
2026-10-09,skill,content,115,17,16.0,3
2026-10-09,skill,controlling,101,10,16.66,7
2026-10-09,skill,cpp,42,9,17.0,6
2026-10-09,skill,creo,16,1,18.0,0
2026-10-09,skill,crm,117,30,15.0,3
2026-10-09,skill,csharp,31,5,17.27,2
2026-10-09,skill,customer_service,57,7,16.0,4
2026-10-09,skill,data_analysis,108,14,18.0,5
2026-10-09,skill,databricks,9,2,15.0,0
2026-10-09,skill,dataviz,20,3,18.53,2
2026-10-09,skill,datev,20,2,15.18,0
2026-10-09,skill,dbt,4,2,15.0,0
2026-10-09,skill,deep_learning,5,0,,1
2026-10-09,skill,devops,24,2,16.25,2
2026-10-09,skill,django,10,2,16.12,3
2026-10-09,skill,docker,30,4,17.0,4
2026-10-09,skill,dotnet,34,10,16.0,2
2026-10-09,skill,driving_licence,315,28,15.25,0
2026-10-09,skill,dwh,13,1,15.0,2
2026-10-09,skill,dynamics,16,1,25.0,0
2026-10-09,skill,elastic,1,0,,0
2026-10-09,skill,electrical,40,5,15.81,0
2026-10-09,skill,email_marketing,7,2,15.0,0
2026-10-09,skill,embedded,12,3,17.0,1
2026-10-09,skill,energy,15,4,15.0,1
2026-10-09,skill,etl,32,5,16.0,4
2026-10-09,skill,event,23,4,15.53,0
2026-10-09,skill,excel,880,116,16.0,19
2026-10-09,skill,fem,13,4,17.5,0
2026-10-09,skill,figma,17,3,16.0,1
2026-10-09,skill,fin_model,9,1,19.1,4
2026-10-09,skill,flutter,8,0,,2
2026-10-09,skill,gcp,3,1,18.53,2
2026-10-09,skill,genai,85,12,15.5,8
2026-10-09,skill,gis,21,2,17.0,0
2026-10-09,skill,git,70,10,16.5,7
2026-10-09,skill,gmp,8,1,14.5,0
2026-10-09,skill,go,4,0,,1
2026-10-09,skill,google_analytics,16,1,18.5,1
2026-10-09,skill,google_workspace,45,15,18.53,9
2026-10-09,skill,graphic_design,23,7,15.0,3
2026-10-09,skill,html_css,120,26,15.0,7
2026-10-09,skill,hubspot,9,3,21.5,0
2026-10-09,skill,ifrs_hgb,14,2,17.06,0
2026-10-09,skill,illustrator,32,2,15.32,0
2026-10-09,skill,indesign,37,3,15.0,0
2026-10-09,skill,ios,6,0,,0
2026-10-09,skill,it_security,46,10,17.0,0
2026-10-09,skill,it_support,19,2,16.34,0
2026-10-09,skill,itil,38,7,15.0,0
2026-10-09,skill,java,56,11,17.0,6
2026-10-09,skill,javascript,58,8,16.5,5
2026-10-09,skill,jira,97,13,17.0,1
2026-10-09,skill,kafka,7,1,19.1,3
2026-10-09,skill,kotlin,9,0,,1
2026-10-09,skill,kubernetes,21,2,16.0,2
2026-10-09,skill,lab,15,4,17.0,0
2026-10-09,skill,labour_law,37,5,17.0,2
2026-10-09,skill,labview,2,0,,0
2026-10-09,skill,laravel,4,0,,0
2026-10-09,skill,lean,18,4,18.27,2
2026-10-09,skill,linux,32,3,17.25,3
2026-10-09,skill,looker,8,0,,0
2026-10-09,skill,m365_admin,5,1,15.0,0
2026-10-09,skill,market_research,11,1,15.0,0
2026-10-09,skill,matlab,18,5,17.0,2
2026-10-09,skill,mechanical,50,9,18.14,1
2026-10-09,skill,microservices,8,1,19.1,1
2026-10-09,skill,ml,37,5,18.0,2
2026-10-09,skill,molbio,2,0,,0
2026-10-09,skill,ms_office,1782,234,16.0,27
2026-10-09,skill,mysql,7,1,15.7,0
2026-10-09,skill,networking,17,3,17.0,2
2026-10-09,skill,nextjs,5,1,15.0,0
2026-10-09,skill,nlp,2,1,21.57,0
2026-10-09,skill,nodejs,6,0,,2
2026-10-09,skill,nosql,2,1,15.0,1
2026-10-09,skill,notion,18,5,21.5,1
2026-10-09,skill,online_marketing,54,11,15.5,0
2026-10-09,skill,oracle_db,5,0,,0
2026-10-09,skill,other_erp,178,15,16.0,15
2026-10-09,skill,outlook,115,22,15.68,0
2026-10-09,skill,paid_social,27,1,14.0,0
2026-10-09,skill,pandas,14,1,15.0,2
2026-10-09,skill,payroll,4,0,,0
2026-10-09,skill,pcb,10,2,17.0,1
2026-10-09,skill,photography,15,4,15.5,0
2026-10-09,skill,photoshop,65,6,15.32,2
2026-10-09,skill,php,32,2,16.13,0
2026-10-09,skill,plc,22,4,16.0,2
2026-10-09,skill,pm_tools,20,1,22.5,0
2026-10-09,skill,postgresql,16,3,17.0,2
2026-10-09,skill,power_platform,57,11,17.0,0
2026-10-09,skill,powerbi,109,17,16.0,3
2026-10-09,skill,powerpoint,476,56,16.0,11
2026-10-09,skill,powershell,12,0,,0
2026-10-09,skill,pr,25,2,15.75,0
2026-10-09,skill,process_mgmt,70,11,18.0,2
2026-10-09,skill,procurement,58,8,15.5,6
2026-10-09,skill,production,8,1,15.0,2
2026-10-09,skill,project_mgmt,140,18,17.41,12
2026-10-09,skill,python,197,28,17.0,14
2026-10-09,skill,pytorch,4,1,19.1,1
2026-10-09,skill,qlik,7,1,18.0,0
2026-10-09,skill,quality,42,5,17.0,2
2026-10-09,skill,r,16,2,15.5,0
2026-10-09,skill,react,24,2,15.0,5
2026-10-09,skill,recruiting,89,16,15.62,0
2026-10-09,skill,research_methods,4,1,18.14,0
2026-10-09,skill,rest_api,51,6,17.0,2
2026-10-09,skill,robotics,11,4,17.9,1
2026-10-09,skill,rpa,10,3,17.27,0
2026-10-09,skill,ruby,1,0,,0
2026-10-09,skill,rust,4,0,,1
2026-10-09,skill,sales_skills,126,22,15.0,6
2026-10-09,skill,salesforce,15,1,15.0,0
2026-10-09,skill,sap,264,26,17.33,18
2026-10-09,skill,sap_fico,1,0,,0
2026-10-09,skill,sap_hcm,13,0,,0
2026-10-09,skill,sap_mm_sd,3,0,,0
2026-10-09,skill,sap_s4,18,3,17.33,0
2026-10-09,skill,sea,35,9,18.53,4
2026-10-09,skill,seo,64,9,15.5,0
2026-10-09,skill,shopify,8,0,,0
2026-10-09,skill,siemens_nx,10,5,18.14,0
2026-10-09,skill,simulink,8,3,17.0,2
2026-10-09,skill,sketch_xd,2,0,,0
2026-10-09,skill,sklearn,5,1,15.0,0
2026-10-09,skill,snowflake,5,2,15.0,0
2026-10-09,skill,social_media,131,27,15.5,2
2026-10-09,skill,solidworks,14,3,14.0,0
2026-10-09,skill,spark,11,2,15.5,1
2026-10-09,skill,spring,8,0,,1
2026-10-09,skill,spss,1,0,,0
2026-10-09,skill,sql,100,14,17.12,5
2026-10-09,skill,statistics,15,4,15.5,2
2026-10-09,skill,supply_chain,65,12,16.0,0
2026-10-09,skill,swift,4,0,,1
2026-10-09,skill,tableau,18,1,18.53,0
2026-10-09,skill,tax,32,0,,0
2026-10-09,skill,tensorflow,2,0,,1
2026-10-09,skill,terraform,4,1,17.0,0
2026-10-09,skill,testing,29,6,17.23,3
2026-10-09,skill,typescript,27,4,15.1,3
2026-10-09,skill,unity,1,0,,0
2026-10-09,skill,ux,39,7,15.0,1
2026-10-09,skill,vba,36,8,16.63,1
2026-10-09,skill,vhdl,2,0,,1
2026-10-09,skill,video,95,21,15.5,4
2026-10-09,skill,virtualization,7,0,,0
2026-10-09,skill,vue,8,2,16.23,1
2026-10-09,skill,windows_server,17,2,16.5,1
2026-10-09,skill,word,261,44,16.0,7
2026-10-09,skill,wordpress,78,15,15.0,1
2026-10-09,skill,zapier,17,3,19.19,0
2026-10-09,total,all,4220,577,16.0,84
